kata_typo,kata_asli,ini_typo
pvaktik,praktik,YA
prakxik,praktik,YA
praktqk,praktik,YA
pnraktik,praktik,YA
xraktik,praktik,YA
prattik,praktik,YA
pranktik,praktik,YA
praktki,praktik,YA
praketik,praktik,YA
fpraktik,praktik,YA
plraktik,praktik,YA
craktik,praktik,YA
prakteik,praktik,YA
prcktik,praktik,YA
praktiwk,praktik,YA
rpraktik,praktik,YA
zraktik,praktik,YA
upraktik,praktik,YA
prajtik,praktik,YA
prartik,praktik,YA
praktiik,praktik,YA
wpraktik,praktik,YA
dpraktik,praktik,YA
pbaktik,praktik,YA
praktwk,praktik,YA
fraktik,praktik,YA
ipraktik,praktik,YA
pratik,praktik,YA
prayktik,praktik,YA
praftik,praktik,YA
praktjik,praktik,YA
ypraktik,praktik,YA
praktwik,praktik,YA
traktik,praktik,YA
pwaktik,praktik,YA
lraktik,praktik,YA
xpraktik,praktik,YA
prahktik,praktik,YA
praktijk,praktik,YA
prahtik,praktik,YA
prnaktik,praktik,YA
prfktik,praktik,YA
praktnk,praktik,YA
praktif,praktik,YA
prakzik,praktik,YA
praktifk,praktik,YA
prakthk,praktik,YA
prlaktik,praktik,YA
pmraktik,praktik,YA
ptraktik,praktik,YA
prakti,praktik,YA
praktikb,praktik,YA
pqraktik,praktik,YA
epraktik,praktik,YA
praktick,praktik,YA
sraktik,praktik,YA
pmaktik,praktik,YA
prawktik,praktik,YA
praktiky,praktik,YA
graktik,praktik,YA
praktck,praktik,YA
praqktik,praktik,YA
praktidk,praktik,YA
paaktik,praktik,YA
praktig,praktik,YA
priktik,praktik,YA
piraktik,praktik,YA
praktmk,praktik,YA
prakktik,praktik,YA
praktfik,praktik,YA
prakotik,praktik,YA
pfaktik,praktik,YA
przktik,praktik,YA
pracktik,praktik,YA
prgktik,praktik,YA
praktikd,praktik,YA
praktik,praktik,TIDAK
pragktik,praktik,YA
praktlik,praktik,YA
prbktik,praktik,YA
praiktik,praktik,YA
praktihk,praktik,YA
mpraktik,praktik,YA
praktikg,praktik,YA
pdaktik,praktik,YA
prakcik,praktik,YA
pramtik,praktik,YA
pzraktik,praktik,YA
hpraktik,praktik,YA
prakeik,praktik,YA
praktisk,praktik,YA
pjaktik,praktik,YA
prakjtik,praktik,YA
kpraktik,praktik,YA
braktik,praktik,YA
parktik,praktik,YA
prhktik,praktik,YA
ppraktik,praktik,YA
peraktik,praktik,YA
przaktik,praktik,YA
praktrik,praktik,YA
prakxtik,praktik,YA
praktikm,praktik,YA
praknik,praktik,YA
poaktik,praktik,YA
paraktik,praktik,YA
prxaktik,praktik,YA
prajktik,praktik,YA
praktizk,praktik,YA
poraktik,praktik,YA
prakqtik,praktik,YA
wraktik,praktik,YA
pravtik,praktik,YA
praltik,praktik,YA
praktio,praktik,YA
prazktik,praktik,YA
praktnik,praktik,YA
pradtik,praktik,YA
pyraktik,praktik,YA
praktigk,praktik,YA
prakvik,praktik,YA
iraktik,praktik,YA
ptaktik,praktik,YA
prakuik,praktik,YA
praktip,praktik,YA
zpraktik,praktik,YA
praktsik,praktik,YA
praktk,praktik,YA
araktik,praktik,YA
qpraktik,praktik,YA
prmktik,praktik,YA
pgraktik,praktik,YA
prasktik,praktik,YA
prdktik,praktik,YA
prlktik,praktik,YA
prsaktik,praktik,YA
praktmik,praktik,YA
prakttk,praktik,YA
praktikq,praktik,YA
praktok,praktik,YA
praktiyk,praktik,YA
praatik,praktik,YA
praktij,praktik,YA
praktikl,praktik,YA
praktir,praktik,YA
jraktik,praktik,YA
phraktik,praktik,YA
praktiq,praktik,YA
pgaktik,praktik,YA
prakytik,praktik,YA
praktivk,praktik,YA
praktie,praktik,YA
praktibk,praktik,YA
praktxk,praktik,YA
prxktik,praktik,YA
pruktik,praktik,YA
praetik,praktik,YA
praktlk,praktik,YA
tpraktik,praktik,YA
praktrk,praktik,YA
opraktik,praktik,YA
praktikk,praktik,YA
prakkik,praktik,YA
praztik,praktik,YA
prakmik,praktik,YA
peaktik,praktik,YA
prvktik,praktik,YA
prraktik,praktik,YA
prjaktik,praktik,YA
prqaktik,praktik,YA
praktimk,praktik,YA
praptik,praktik,YA
praktpik,praktik,YA
prakztik,praktik,YA
praktsk,praktik,YA
prawtik,praktik,YA
apraktik,praktik,YA
lpraktik,praktik,YA
pxraktik,praktik,YA
prrktik,praktik,YA
plaktik,praktik,YA
prakrtik,praktik,YA
rpaktik,praktik,YA
pkaktik,praktik,YA
praktuk,praktik,YA
praktbk,praktik,YA
praktic,praktik,YA
praktiek,praktik,YA
praktkk,praktik,YA
jpraktik,praktik,YA
prauktik,praktik,YA
prakhik,praktik,YA
praktiy,praktik,YA
pqaktik,praktik,YA
prarktik,praktik,YA
raktik,praktik,YA
prkatik,praktik,YA
praktikp,praktik,YA
prkktik,praktik,YA
pcraktik,praktik,YA
puraktik,praktik,YA
praktil,praktik,YA
prakbik,praktik,YA
vpraktik,praktik,YA
praxktik,praktik,YA
prakitik,praktik,YA
praktiku,praktik,YA
prafktik,praktik,YA
praktiak,praktik,YA
prapktik,praktik,YA
pryaktik,praktik,YA
praktiw,praktik,YA
praktuik,praktik,YA
praktiu,praktik,YA
prakftik,praktik,YA
pxaktik,praktik,YA
pyaktik,praktik,YA
pfraktik,praktik,YA
praktqik,praktik,YA
pzaktik,praktik,YA
preaktik,praktik,YA
prakpik,praktik,YA
praktikx,praktik,YA
praktiko,praktik,YA
prakyik,praktik,YA
rraktik,praktik,YA
praktzik,praktik,YA
praktikv,praktik,YA
praktpk,praktik,YA
puaktik,praktik,YA
prakrik,praktik,YA
prbaktik,praktik,YA
praktak,praktik,YA
prnktik,praktik,YA
kraktik,praktik,YA
qraktik,praktik,YA
yraktik,praktik,YA
prakdtik,praktik,YA
prakgtik,praktik,YA
proaktik,praktik,YA
spraktik,praktik,YA
prakptik,praktik,YA
prautik,praktik,YA
praktiz,praktik,YA
prsktik,praktik,YA
praktvik,praktik,YA
praktgk,praktik,YA
pjraktik,praktik,YA
prakvtik,praktik,YA
pryktik,praktik,YA
praktib,praktik,YA
pratkik,praktik,YA
prpaktik,praktik,YA
prgaktik,praktik,YA
prqktik,praktik,YA
praktitk,praktik,YA
praktyk,praktik,YA
prakttik,praktik,YA
prabktik,praktik,YA
praktfk,praktik,YA
prhaktik,praktik,YA
paktik,praktik,YA
prakctik,praktik,YA
praktikn,praktik,YA
pdraktik,praktik,YA
prakutik,praktik,YA
praytik,praktik,YA
prwktik,praktik,YA
praktim,praktik,YA
prakntik,praktik,YA
praktia,praktik,YA
praktikj,praktik,YA
prakthik,praktik,YA
praktih,praktik,YA
prakdik,praktik,YA
praktikt,praktik,YA
prakmtik,praktik,YA
uraktik,praktik,YA
praktiv,praktik,YA
prastik,praktik,YA
praktdk,praktik,YA
praktdik,praktik,YA
prakwtik,praktik,YA
prakbtik,praktik,YA
bpraktik,praktik,YA
praitik,praktik,YA
prakiik,praktik,YA
mraktik,praktik,YA
praoktik,praktik,YA
praktgik,praktik,YA
pradktik,praktik,YA
cpraktik,praktik,YA
praktjk,praktik,YA
praktis,praktik,YA
prakik,praktik,YA
pratktik,praktik,YA
priaktik,praktik,YA
praktink,praktik,YA
prantik,praktik,YA
praktid,praktik,YA
psaktik,praktik,YA
praktiks,praktik,YA
prakoik,praktik,YA
prwaktik,praktik,YA
prjktik,praktik,YA
pnaktik,praktik,YA
praktiok,praktik,YA
prakwik,praktik,YA
ppaktik,praktik,YA
praktikz,praktik,YA
praektik,praktik,YA
praotik,praktik,YA
praaktik,praktik,YA
gpraktik,praktik,YA
pvraktik,praktik,YA
pruaktik,praktik,YA
praktika,praktik,YA
oraktik,praktik,YA
praktiqk,praktik,YA
praktikw,praktik,YA
prtktik,praktik,YA
praktcik,praktik,YA
praktikh,praktik,YA
proktik,praktik,YA
praktixk,praktik,YA
pralktik,praktik,YA
pravktik,praktik,YA
praklik,praktik,YA
pkraktik,praktik,YA
prktik,praktik,YA
hraktik,praktik,YA
phaktik,praktik,YA
prakhtik,praktik,YA
prakaik,praktik,YA
prdaktik,praktik,YA
praktin,praktik,YA
prakitk,praktik,YA
praktxik,praktik,YA
praktkik,praktik,YA
praktyik,praktik,YA
pcaktik,praktik,YA
praxtik,praktik,YA
practik,praktik,YA
praktbik,praktik,YA
prabtik,praktik,YA
praktipk,praktik,YA
praqtik,praktik,YA
prakqik,praktik,YA
praktikc,praktik,YA
praktit,praktik,YA
praktvk,praktik,YA
psraktik,praktik,YA
draktik,praktik,YA
prpktik,praktik,YA
prakstik,praktik,YA
prcaktik,praktik,YA
npraktik,praktik,YA
prakltik,praktik,YA
praktaik,praktik,YA
prakfik,praktik,YA
prfaktik,praktik,YA
prakjik,praktik,YA
vraktik,praktik,YA
prtaktik,praktik,YA
pwraktik,praktik,YA
pbraktik,praktik,YA
prakgik,praktik,YA
praksik,praktik,YA
prektik,praktik,YA
praktiki,praktik,YA
prmaktik,praktik,YA
prvaktik,praktik,YA
praktzk,praktik,YA
praktilk,praktik,YA
praktirk,praktik,YA
praktikf,praktik,YA
praktoik,praktik,YA
pragtik,praktik,YA
praktii,praktik,YA
praktike,praktik,YA
piaktik,praktik,YA
praktix,praktik,YA
pramktik,praktik,YA
eraktik,praktik,YA
praktiuk,praktik,YA
praktikr,praktik,YA
praktek,praktik,YA
prakatik,praktik,YA
prkaktik,praktik,YA
nraktik,praktik,YA
